{
	"pattrstorage" : 	{
		"name" : "u947006027",
		"slots" : 		{
			"1" : 			{
				"id" : 1,
				"data" : 				{
					"hoa-decoded" : [ 0.0 ],
					"hoa-decoded[1]" : [ 0.0 ],
					"hoa-gain" : [ 0.0 ],
					"hoa-subs" : [ 0.0 ],
					"hoa-subs[1]" : [ 0.0 ],
					"live.drop" : [ "" ],
					"umenu[1]" : [ 1 ],
					"HOA-IKO::live.tab[2]" : [ 0.0 ],
					"HOA-IKO::live.text" : [ 0.0 ],
					"HOA-IKO::spat5-hoa-slaconv-blocksize" : [ 5.0 ],
					"HOA-IKO::spat5-hoa-slaconv-fir" : [ 0.0 ],
					"HOA-IKO::spat5-hoa-slaconv-sr" : [ 1.0 ],
					"hoa-binaural[1]::live.gain~[1]" : [ 0.0 ],
					"hoa-binaural[1]::live.text" : [ 0.0 ],
					"hoa-binaural[1]::umenu" : [ 1 ],
					"HOA::live.dial" : [ 1.0 ],
					"HOA::live.dial[1]" : [ 20.472440944881885 ],
					"HOA::live.menu[1]" : [ 0.0 ],
					"HOA::live.numbox" : [ 24.0 ],
					"HOA::live.toggle" : [ 0.0 ],
					"HOA::live.toggle[1]" : [ 0.0 ],
					"HOA::live.toggle[2]" : [ 0.0 ],
					"HOA::live.toggle[5]" : [ 0.0 ],
					"HOA::live.toggle[6]" : [ 0.0 ],
					"HOA::spat5.sofa.loader" : [ 						{
							"/usurp" : 0,
							"/window/title" : "SOFA loader",
							"/window/visible" : 0,
							"/window/moveable" : 1,
							"/window/resizable" : 1,
							"/window/enable" : 1,
							"/window/bounds" : [ 650, 300, 940, 600 ],
							"/window/background/color" : [ 0.82745099067688, 0.82745099067688, 0.82745099067688, 1.0 ],
							"/window/opaque" : 1,
							"/window/titlebar" : 1,
							"/window/fullscreen" : 0,
							"/window/minimise" : 0,
							"/window/scale" : 100.0,
							"/window/rendering/engine" : "",
							"/window/rendering/fps/visible" : 0,
							"/window/floating" : 0,
							"/window/hidesondeactivate" : 0,
							"/window/buttons/close" : 1,
							"/window/buttons/minimise" : 1,
							"/window/buttons/maximise" : 1
						}
 ],
					"HOA::script_virtualspeakers" : [ 						{
							"/speaker/number" : 24,
							"/speakers/aed" : [ -30.0, 0.0, 6.099999904632568, 30.0, 0.0, 6.099999904632568, 0.0, 0.0, 5.900000095367432, -120.0, 0.0, 4.739999771118164, 120.0, 0.0, 4.599999904632568, -150.0, 0.0, 5.400000095367432, 160.0, 0.0, 5.0, -55.0, 0.0, 5.050000190734863, 60.0, 0.0, 5.050000190734863, -72.099998474121094, 33.099998474121094, 4.800000190734863, 72.599998474121094, 31.899999618530273, 4.849999904632568, -103.800003051757812, 29.899999618530273, 4.900000095367432, 104.800003051757812, 31.700000762939453, 4.650000095367432, -145.899993896484375, 38.200000762939453, 3.910000085830688, 147.0, 39.5, 3.890000104904175, -30.799999237060547, 37.799999237060547, 4.179999828338623, 31.100000381469727, 37.799999237060547, 4.179999828338623, -41.599998474121094, 66.0, 3.369999885559082, 42.5, 64.800003051757812, 3.420000076293945, -130.899993896484375, 67.099998474121094, 3.140000104904175, 130.0, 67.900001525878906, 3.140000104904175, -90.0, 0.0, 4.0, 90.0, 0.0, 4.0, -180.0, 0.0, 4.900000095367432 ],
							"/hrtf" : "kemar",
							"/width" : 60.0,
							"/rotation" : -0.0,
							"/itd/type" : "measurement",
							"/itd/scaling" : 100.0,
							"/itd/latencymode" : "fixed latency",
							"/interpolation/mode" : "allpass",
							"/distance" : 1.0,
							"/groundreflections/enable" : 0,
							"/groundreflections/elev" : -15.0,
							"/roompreset" : "no room effect",
							"/internals" : 8,
							"/propagation/delay" : 0,
							"/propagation/gain" : 0,
							"/dsp/mute" : 0,
							"/dsp/mute/ramptime" : 50.0,
							"/dsp/bypass" : 0,
							"/dsp/bypass/ramptime" : 50.0,
							"/dsp/samplerate" : 48000.0,
							"/dsp/buffersize" : 1024,
							"/dsp/throttle" : -1,
							"/dsp/maxqueuesize" : -1,
							"/dsp/usurp" : 0,
							"/dsp/automute" : 0,
							"/dsp/automute/attack" : 20.0,
							"/dsp/latency" : 0,
							"/verbose" : "normal",
							"/verbose/timestamp" : 1
						}
 ],
					"HOA::script_decoder" : [ 						{
							"/speaker/number" : 24,
							"/speakers/aed" : [ -30.0, 0.0, 6.099999904632568, 30.0, 0.0, 6.099999904632568, 0.0, 0.0, 5.900000095367432, -120.0, 0.0, 4.739999771118164, 120.0, 0.0, 4.599999904632568, -150.0, 0.0, 5.400000095367432, 160.0, 0.0, 5.0, -55.0, 0.0, 5.050000190734863, 60.0, 0.0, 5.050000190734863, -72.099998474121094, 33.099998474121094, 4.800000190734863, 72.599998474121094, 31.899999618530273, 4.849999904632568, -103.800003051757812, 29.899999618530273, 4.900000095367432, 104.800003051757812, 31.700000762939453, 4.650000095367432, -145.899993896484375, 38.200000762939453, 3.910000085830688, 147.0, 39.5, 3.890000104904175, -30.799999237060547, 37.799999237060547, 4.179999828338623, 31.100000381469727, 37.799999237060547, 4.179999828338623, -41.599998474121094, 66.0, 3.369999885559082, 42.5, 64.800003051757812, 3.420000076293945, -130.899993896484375, 67.099998474121094, 3.140000104904175, 130.0, 67.900001525878906, 3.140000104904175, -90.0, 0.0, 4.0, 90.0, 0.0, 4.0, -180.0, 0.0, 4.900000095367432 ],
							"/norm" : "SN3D",
							"/order" : 4,
							"/dimension" : 3,
							"/method" : "energy-preserving",
							"/type" : "basic",
							"/crossover" : 700.0,
							"/powercompensation" : 0,
							"/regularization" : 100.0,
							"/phantom/zenith" : 0,
							"/phantom/nadir" : 0,
							"/phantom/auto" : 0,
							"/triangulation/mode" : "delaunay",
							"/format" : "aed",
							"/dsp/mute" : 0,
							"/dsp/mute/ramptime" : 50.0,
							"/dsp/bypass" : 0,
							"/dsp/bypass/ramptime" : 50.0,
							"/dsp/samplerate" : 48000.0,
							"/dsp/buffersize" : 1024,
							"/dsp/throttle" : -1,
							"/dsp/maxqueuesize" : -1,
							"/dsp/usurp" : 0,
							"/dsp/automute" : 0,
							"/dsp/automute/attack" : 20.0,
							"/dsp/latency" : 0,
							"/verbose" : "normal",
							"/verbose/timestamp" : 1
						}
 ],
					"mixer::fader-subAA" : [ 27 ],
					"mixer::fader-subAB" : [ 28 ],
					"mixer::fader-subZ" : [ 26 ],
					"mixer::faderA" : [ 0 ],
					"mixer::faderB" : [ 0 ],
					"mixer::faderC" : [ 0 ],
					"mixer::faderE" : [ 7 ],
					"mixer::faderF" : [ 8 ],
					"mixer::faderG" : [ 9 ],
					"mixer::faderH" : [ 0 ],
					"mixer::faderHOA" : [ 1 ],
					"mixer::faderHOA1" : [ 9 ],
					"mixer::faderHOA2" : [ 10 ],
					"mixer::faderHOA3" : [ 11 ],
					"mixer::faderHOA4" : [ 12 ],
					"mixer::faderHOA5" : [ 12 ],
					"mixer::faderHOA6" : [ 14 ],
					"mixer::faderHOA7" : [ 15 ],
					"mixer::faderHOA8" : [ 16 ],
					"mixer::faderHOAsubs" : [ 2 ],
					"mixer::faderI" : [ 3 ],
					"mixer::faderIKO" : [ 0 ],
					"mixer::faderIKO1" : [ 0 ],
					"mixer::faderIKO2" : [ 0 ],
					"mixer::faderIKO3" : [ 0 ],
					"mixer::faderIKO4" : [ 0 ],
					"mixer::faderIKO5" : [ 0 ],
					"mixer::faderIKO6" : [ 0 ],
					"mixer::faderIKO7" : [ 0 ],
					"mixer::faderIKO8" : [ 0 ],
					"mixer::faderJ" : [ 4 ],
					"mixer::faderK" : [ 0 ],
					"mixer::faderL" : [ 0 ],
					"mixer::faderM" : [ 0 ],
					"mixer::faderN" : [ 18 ],
					"mixer::faderO" : [ 19 ],
					"mixer::faderP" : [ 20 ],
					"mixer::faderQ" : [ 0 ],
					"mixer::faderR" : [ 0 ],
					"mixer::faderS" : [ 21 ],
					"mixer::faderT" : [ 22 ],
					"mixer::faderU" : [ 23 ],
					"mixer::faderV" : [ 24 ],
					"mixer::faderW" : [ 5 ],
					"mixer::faderX" : [ 6 ],
					"mixer::faderY" : [ 0 ],
					"mixer::fadersubD" : [ 25 ],
					"mixer::live.gain~[A]" : [ 0.0 ],
					"mixer::live.gain~[B]" : [ 0.0 ],
					"mixer::live.gain~[C]" : [ 0.0 ],
					"mixer::live.gain~[E]" : [ 0.0 ],
					"mixer::live.gain~[F]" : [ 0.0 ],
					"mixer::live.gain~[G]" : [ 0.0 ],
					"mixer::live.gain~[HOA1]" : [ 0.0 ],
					"mixer::live.gain~[HOA2]" : [ 0.0 ],
					"mixer::live.gain~[HOA3]" : [ 0.0 ],
					"mixer::live.gain~[HOA4]" : [ 0.0 ],
					"mixer::live.gain~[HOA5]" : [ 0.0 ],
					"mixer::live.gain~[HOA6]" : [ 0.0 ],
					"mixer::live.gain~[HOA7]" : [ 0.0 ],
					"mixer::live.gain~[HOA8]" : [ 0.0 ],
					"mixer::live.gain~[H]" : [ 0.0 ],
					"mixer::live.gain~[IKO1]" : [ 0.0 ],
					"mixer::live.gain~[IKO2]" : [ 0.0 ],
					"mixer::live.gain~[IKO3]" : [ 0.0 ],